,open,high,low,close,adjclose,volume,ticker
2019-01-02,8.0,8.5,7.525000095367432,7.949999809265137,7.949999809265137,23300,SLRX
2019-01-03,8.100000381469727,9.600000381469727,8.0,9.600000381469727,9.600000381469727,22800,SLRX
2019-01-04,13.25,17.5,12.5,13.25,13.25,1117500,SLRX
2019-01-07,12.5,12.75,9.524999618530273,10.5,10.5,244000,SLRX
2019-01-08,10.300000190734863,10.375,9.625,9.875,9.875,95800,SLRX
2019-01-09,9.75,9.875,8.800000190734863,9.25,9.25,80700,SLRX
2019-01-10,9.449999809265137,9.449999809265137,8.5,8.75,8.75,49300,SLRX
2019-01-11,9.0,9.074999809265137,8.300000190734863,8.574999809265137,8.574999809265137,52300,SLRX
2019-01-14,8.75,9.375,8.524999618530273,8.949999809265137,8.949999809265137,84700,SLRX
2019-01-15,9.0,9.25,8.0,8.524999618530273,8.524999618530273,56100,SLRX
2019-01-16,8.5,8.550000190734863,7.925000190734863,8.199999809265137,8.199999809265137,41900,SLRX
2019-01-17,8.25,8.699999809265137,8.0,8.375,8.375,49900,SLRX
2019-01-18,8.675000190734863,8.925000190734863,8.0,8.25,8.25,27300,SLRX
2019-01-22,8.25,8.375,8.0,8.25,8.25,17000,SLRX
2019-01-23,8.225000381469727,8.350000381469727,7.525000095367432,8.25,8.25,38200,SLRX
2019-01-24,8.225000381469727,8.5,7.75,7.949999809265137,7.949999809265137,19400,SLRX
2019-01-25,8.0,8.25,7.875,8.175000190734863,8.175000190734863,16400,SLRX
2019-01-28,8.25,8.25,7.875,8.25,8.25,21400,SLRX
2019-01-29,8.125,8.25,7.875,7.925000190734863,7.925000190734863,21100,SLRX
2019-01-30,8.149999618530273,8.199999809265137,7.525000095367432,7.699999809265137,7.699999809265137,24500,SLRX
2019-01-31,7.824999809265137,8.0,7.5,7.849999904632568,7.849999904632568,27900,SLRX
2019-02-01,7.75,8.675000190734863,7.525000095367432,8.5,8.5,27200,SLRX
2019-02-04,8.5,8.75,8.074999809265137,8.475000381469727,8.475000381469727,20600,SLRX
2019-02-05,8.324999809265137,8.75,8.25,8.574999809265137,8.574999809265137,14300,SLRX
2019-02-06,8.699999809265137,8.699999809265137,8.125,8.300000190734863,8.300000190734863,8700,SLRX
2019-02-07,8.199999809265137,8.5,7.775000095367432,8.225000381469727,8.225000381469727,8500,SLRX
2019-02-08,8.024999618530273,8.125,7.75,7.875,7.875,6200,SLRX
2019-02-11,8.0,8.25,7.75,7.974999904632568,7.974999904632568,11500,SLRX
2019-02-12,7.925000190734863,8.175000190734863,7.775000095367432,7.875,7.875,11300,SLRX
2019-02-13,8.0,8.175000190734863,7.775000095367432,8.0,8.0,11200,SLRX
2019-02-14,8.050000190734863,9.475000381469727,7.875,8.949999809265137,8.949999809265137,57200,SLRX
2019-02-15,9.175000190734863,9.300000190734863,8.25,9.074999809265137,9.074999809265137,64900,SLRX
2019-02-19,9.0,9.225000381469727,8.024999618530273,8.699999809265137,8.699999809265137,25000,SLRX
2019-02-20,8.399999618530273,8.75,8.399999618530273,8.425000190734863,8.425000190734863,13000,SLRX
2019-02-21,8.149999618530273,8.975000381469727,8.125,8.75,8.75,10600,SLRX
2019-02-22,8.574999809265137,8.574999809265137,8.25,8.350000381469727,8.350000381469727,11700,SLRX
2019-02-25,8.5,8.5,8.0,8.25,8.25,13000,SLRX
2019-02-26,8.050000190734863,9.725000381469727,8.024999618530273,9.524999618530273,9.524999618530273,75000,SLRX
2019-02-27,9.5,9.5,8.375,8.574999809265137,8.574999809265137,22000,SLRX
2019-02-28,8.25,8.699999809265137,8.25,8.324999809265137,8.324999809265137,15000,SLRX
2019-03-01,8.324999809265137,8.725000381469727,8.274999618530273,8.625,8.625,15100,SLRX
2019-03-04,8.675000190734863,8.675000190734863,8.375,8.5,8.5,7200,SLRX
2019-03-05,8.5,8.949999809265137,8.425000190734863,8.75,8.75,23200,SLRX
2019-03-06,8.75,8.75,8.050000190734863,8.074999809265137,8.074999809265137,12100,SLRX
2019-03-07,8.975000381469727,8.975000381469727,7.75,8.0,8.0,41400,SLRX
2019-03-08,7.875,8.375,7.875,8.074999809265137,8.074999809265137,16800,SLRX
2019-03-11,7.900000095367432,8.225000381469727,7.800000190734863,7.875,7.875,302400,SLRX
2019-03-12,8.0,9.0,7.875,8.300000190734863,8.300000190734863,922400,SLRX
2019-03-13,8.550000190734863,9.25,8.25,8.725000381469727,8.725000381469727,1272000,SLRX
2019-03-14,8.725000381469727,9.0,8.274999618530273,8.675000190734863,8.675000190734863,274600,SLRX
2019-03-15,8.25,9.125,8.25,8.75,8.75,696600,SLRX
2019-03-18,9.0,11.375,9.0,10.875,10.875,5207300,SLRX
2019-03-19,11.25,11.25,9.5,9.850000381469727,9.850000381469727,2383000,SLRX
2019-03-20,9.75,10.725000381469727,9.5,10.100000381469727,10.100000381469727,1048000,SLRX
2019-03-21,10.300000190734863,13.75,10.0,11.25,11.25,5034000,SLRX
2019-03-22,10.5,11.25,10.25,10.625,10.625,981100,SLRX
2019-03-25,10.350000381469727,10.774999618530273,9.449999809265137,9.449999809265137,9.449999809265137,1000000,SLRX
2019-03-26,9.475000381469727,10.25,9.25,9.524999618530273,9.524999618530273,597900,SLRX
2019-03-27,9.5,9.875,9.100000381469727,9.524999618530273,9.524999618530273,566100,SLRX
2019-03-28,9.524999618530273,10.100000381469727,9.25,9.875,9.875,196400,SLRX
2019-03-29,9.824999809265137,10.25,9.524999618530273,9.649999618530273,9.649999618530273,373800,SLRX
2019-04-01,9.925000190734863,10.25,9.824999809265137,10.050000190734863,10.050000190734863,401500,SLRX
2019-04-02,10.100000381469727,11.125,9.774999618530273,11.0,11.0,1115300,SLRX
2019-04-03,11.0,11.0,10.25,10.375,10.375,351800,SLRX
2019-04-04,10.574999809265137,10.975000381469727,10.25,10.5,10.5,265700,SLRX
2019-04-05,10.5,13.625,10.0,11.824999809265137,11.824999809265137,4932200,SLRX
2019-04-08,12.0,14.0,11.274999618530273,11.725000381469727,11.725000381469727,2961300,SLRX
2019-04-09,11.75,12.175000190734863,10.75,11.199999809265137,11.199999809265137,607300,SLRX
2019-04-10,11.024999618530273,11.5,10.75,10.774999618530273,10.774999618530273,310600,SLRX
2019-04-11,10.800000190734863,11.875,10.800000190734863,11.274999618530273,11.274999618530273,756600,SLRX
2019-04-12,11.75,13.774999618530273,11.25,13.75,13.75,3399800,SLRX
2019-04-15,15.0,19.0,14.0,15.600000381469727,15.600000381469727,15416400,SLRX
2019-04-16,15.25,15.25,12.625,14.75,14.75,4227100,SLRX
2019-04-17,13.375,14.25,12.074999809265137,13.0,13.0,951900,SLRX
2019-04-18,13.399999618530273,13.399999618530273,12.75,13.25,13.25,563500,SLRX
2019-04-22,13.524999618530273,14.0,13.25,13.75,13.75,834900,SLRX
2019-04-23,14.0,15.0,13.75,14.324999809265137,14.324999809265137,1220200,SLRX
2019-04-24,15.0,15.0,13.574999809265137,13.899999618530273,13.899999618530273,1269600,SLRX
2019-04-25,12.975000381469727,13.0,11.625,12.425000190734863,12.425000190734863,1041000,SLRX
2019-04-26,12.425000190734863,12.425000190734863,11.75,11.875,11.875,471800,SLRX
2019-04-29,11.524999618530273,12.25,11.125,11.574999809265137,11.574999809265137,478300,SLRX
2019-04-30,11.824999809265137,11.875,11.25,11.449999809265137,11.449999809265137,326700,SLRX
2019-05-01,11.899999618530273,12.75,11.25,12.524999618530273,12.524999618530273,381000,SLRX
2019-05-02,12.5,12.5,11.699999809265137,11.899999618530273,11.899999618530273,285200,SLRX
2019-05-03,11.75,11.875,11.25,11.5,11.5,205300,SLRX
2019-05-06,11.449999809265137,11.5,10.100000381469727,11.324999809265137,11.324999809265137,220800,SLRX
2019-05-07,11.024999618530273,11.25,10.125,10.574999809265137,10.574999809265137,366100,SLRX
2019-05-08,10.274999618530273,10.600000381469727,10.0,10.125,10.125,379800,SLRX
2019-05-09,10.149999618530273,11.875,10.0,10.75,10.75,838000,SLRX
2019-05-10,10.375,11.074999809265137,10.050000190734863,10.25,10.25,262300,SLRX
2019-05-13,10.149999618530273,10.5,9.725000381469727,9.824999809265137,9.824999809265137,452000,SLRX
2019-05-14,9.850000381469727,10.25,9.75,10.074999809265137,10.074999809265137,206000,SLRX
2019-05-15,10.25,10.5,10.0,10.024999618530273,10.024999618530273,75100,SLRX
2019-05-16,10.0,10.574999809265137,9.875,10.274999618530273,10.274999618530273,263900,SLRX
2019-05-17,10.5,11.0,10.25,10.425000190734863,10.425000190734863,323300,SLRX
2019-05-20,10.800000190734863,10.800000190734863,10.074999809265137,10.25,10.25,289400,SLRX
2019-05-21,10.25,10.324999809265137,10.0,10.0,10.0,169400,SLRX
2019-05-22,10.199999809265137,10.800000190734863,10.0,10.199999809265137,10.199999809265137,597900,SLRX
2019-05-23,10.5,10.75,10.0,10.300000190734863,10.300000190734863,170300,SLRX
2019-05-24,10.375,10.75,10.25,10.574999809265137,10.574999809265137,167000,SLRX
2019-05-28,10.5,11.375,10.5,10.875,10.875,618100,SLRX
2019-05-29,10.550000190734863,10.949999809265137,10.5,10.625,10.625,140800,SLRX
2019-05-30,10.5,12.25,10.5,11.274999618530273,11.274999618530273,1169600,SLRX
2019-05-31,11.75,13.25,11.25,11.925000190734863,11.925000190734863,1948000,SLRX
2019-06-03,13.0,13.0,11.524999618530273,11.824999809265137,11.824999809265137,357100,SLRX
2019-06-04,12.024999618530273,12.425000190734863,10.75,11.449999809265137,11.449999809265137,395000,SLRX
2019-06-05,11.274999618530273,12.0,10.949999809265137,11.375,11.375,414600,SLRX
2019-06-06,11.574999809265137,13.475000381469727,11.574999809265137,12.25,12.25,629700,SLRX
2019-06-07,12.25,13.5,11.75,13.149999618530273,13.149999618530273,1123900,SLRX
2019-06-10,13.300000190734863,14.25,13.0,13.5,13.5,1476500,SLRX
2019-06-11,13.600000381469727,13.675000190734863,12.625,13.199999809265137,13.199999809265137,606300,SLRX
2019-06-12,13.25,13.75,12.625,13.425000190734863,13.425000190734863,801900,SLRX
2019-06-13,13.5,16.700000762939453,13.0,16.0,16.0,4779500,SLRX
2019-06-14,16.25,16.5,14.524999618530273,16.024999618530273,16.024999618530273,3751100,SLRX
2019-06-17,12.25,13.25,11.350000381469727,13.0,13.0,3052200,SLRX
2019-06-18,13.0,13.5,12.75,12.875,12.875,656000,SLRX
2019-06-19,12.550000190734863,12.725000381469727,12.125,12.425000190734863,12.425000190734863,547200,SLRX
2019-06-20,12.199999809265137,12.5,12.0,12.125,12.125,482500,SLRX
2019-06-21,12.125,12.625,12.0,12.5,12.5,559700,SLRX
2019-06-24,12.5,12.625,11.949999809265137,12.175000190734863,12.175000190734863,467400,SLRX
2019-06-25,11.75,13.274999618530273,11.75,12.75,12.75,1205300,SLRX
2019-06-26,12.524999618530273,13.225000381469727,12.524999618530273,13.225000381469727,13.225000381469727,502100,SLRX
2019-06-27,13.0,14.550000190734863,13.0,13.774999618530273,13.774999618530273,1040500,SLRX
2019-06-28,13.5,14.300000190734863,13.5,13.824999809265137,13.824999809265137,375100,SLRX
2019-07-01,15.0,15.0,11.75,11.975000381469727,11.975000381469727,1134500,SLRX
2019-07-02,12.5,13.25,12.25,13.125,13.125,647800,SLRX
2019-07-03,13.125,13.5,12.524999618530273,13.274999618530273,13.274999618530273,233900,SLRX
2019-07-05,13.824999809265137,13.949999809265137,13.199999809265137,13.324999809265137,13.324999809265137,410500,SLRX
2019-07-08,13.5,14.75,13.324999809265137,14.75,14.75,756600,SLRX
2019-07-09,15.0,16.200000762939453,14.875,15.5,15.5,1517300,SLRX
2019-07-10,16.0,16.25,14.75,16.25,16.25,1611900,SLRX
2019-07-11,16.0,24.450000762939453,16.0,19.0,19.0,12263700,SLRX
2019-07-12,21.0,21.75,19.0,20.25,20.25,7667200,SLRX
2019-07-15,19.75,21.5,15.149999618530273,17.325000762939453,17.325000762939453,4869800,SLRX
2019-07-16,16.5,16.875,14.149999618530273,15.625,15.625,1998300,SLRX
2019-07-17,15.0,16.375,15.0,15.675000190734863,15.675000190734863,1004600,SLRX
2019-07-18,15.75,16.0,15.050000190734863,15.125,15.125,1219900,SLRX
2019-07-19,15.625,15.75,13.75,15.175000190734863,15.175000190734863,1683000,SLRX
2019-07-22,12.300000190734863,13.5,7.53000020980835,11.800000190734863,11.800000190734863,210900,SLRX
2019-07-23,11.550000190734863,14.800000190734863,11.550000190734863,14.510000228881836,14.510000228881836,109500,SLRX
2019-07-24,14.5,14.569999694824219,13.053000450134277,14.399999618530273,14.399999618530273,55700,SLRX
2019-07-25,14.5,14.8149995803833,13.399999618530273,13.6899995803833,13.6899995803833,40800,SLRX
2019-07-26,14.0,14.244999885559082,11.109999656677246,11.510000228881836,11.510000228881836,58100,SLRX
2019-07-29,11.5,12.289999961853027,9.8100004196167,9.930000305175781,9.930000305175781,73600,SLRX
2019-07-30,9.960000038146973,10.59000015258789,8.789999961853027,8.975000381469727,8.975000381469727,69500,SLRX
2019-07-31,8.979999542236328,8.979999542236328,7.039999961853027,7.46999979019165,7.46999979019165,84200,SLRX
2019-08-01,6.960000038146973,7.0,5.244999885559082,5.28000020980835,5.28000020980835,173700,SLRX
2019-08-02,5.119999885559082,5.820000171661377,5.0,5.449999809265137,5.449999809265137,54900,SLRX
2019-08-05,5.289999961853027,5.650000095367432,5.090000152587891,5.449999809265137,5.449999809265137,40800,SLRX
2019-08-06,5.630000114440918,6.960000038146973,5.598999977111816,6.679999828338623,6.679999828338623,95300,SLRX
2019-08-07,6.460000038146973,6.630000114440918,5.900000095367432,5.900000095367432,5.900000095367432,56200,SLRX
2019-08-08,6.0,6.21999979019165,5.710000038146973,6.139999866485596,6.139999866485596,35400,SLRX
2019-08-09,6.070000171661377,6.079999923706055,5.400000095367432,5.639999866485596,5.639999866485596,31000,SLRX
2019-08-12,5.650000095367432,5.985000133514404,5.510000228881836,5.929999828338623,5.929999828338623,12200,SLRX
2019-08-13,5.860000133514404,6.059999942779541,5.699999809265137,5.960000038146973,5.960000038146973,22100,SLRX
2019-08-14,5.800000190734863,5.900000095367432,5.510000228881836,5.510000228881836,5.510000228881836,11800,SLRX
2019-08-15,5.679999828338623,6.179999828338623,5.552999973297119,5.800000190734863,5.800000190734863,20600,SLRX
2019-08-16,5.849999904632568,6.46999979019165,5.849999904632568,6.28000020980835,6.28000020980835,20300,SLRX
2019-08-19,6.46999979019165,7.420000076293945,6.314000129699707,7.019999980926514,7.019999980926514,62500,SLRX
2019-08-20,7.21999979019165,7.947000026702881,7.050000190734863,7.119999885559082,7.119999885559082,31500,SLRX
2019-08-21,7.349999904632568,8.199999809265137,7.349999904632568,7.849999904632568,7.849999904632568,77900,SLRX
2019-08-22,8.800000190734863,9.050000190734863,8.210000038146973,8.979999542236328,8.979999542236328,49900,SLRX
2019-08-23,9.460000038146973,10.479999542236328,8.680999755859375,10.050000190734863,10.050000190734863,68100,SLRX
2019-08-26,10.5,13.5,10.100000381469727,12.199999809265137,12.199999809265137,156400,SLRX
2019-08-27,12.0,12.0,10.467000007629395,10.819999694824219,10.819999694824219,40200,SLRX
2019-08-28,10.6899995803833,10.711999893188477,8.680000305175781,9.600000381469727,9.600000381469727,43000,SLRX
2019-08-29,9.199999809265137,9.300000190734863,7.571000099182129,8.670000076293945,8.670000076293945,97400,SLRX
2019-08-30,8.670000076293945,8.729999542236328,7.900000095367432,8.520000457763672,8.520000457763672,13700,SLRX
2019-09-03,8.380000114440918,8.380000114440918,7.639999866485596,7.96999979019165,7.96999979019165,19200,SLRX
2019-09-04,7.96999979019165,8.960000038146973,7.96999979019165,8.300000190734863,8.300000190734863,15500,SLRX
2019-09-05,8.300000190734863,9.5,8.0,9.1899995803833,9.1899995803833,49100,SLRX
2019-09-06,9.435999870300293,9.5,8.432999610900879,8.979999542236328,8.979999542236328,8500,SLRX
2019-09-09,8.930000305175781,9.210000038146973,8.0,8.0,8.0,31200,SLRX
2019-09-10,8.0,8.079999923706055,7.506999969482422,8.0,8.0,15700,SLRX
2019-09-11,7.960000038146973,8.420999526977539,7.849999904632568,7.900000095367432,7.900000095367432,8100,SLRX
2019-09-12,7.900000095367432,7.936999797821045,5.949999809265137,7.179999828338623,7.179999828338623,119200,SLRX
2019-09-13,7.139999866485596,7.738999843597412,7.0,7.050000190734863,7.050000190734863,27600,SLRX
2019-09-16,6.980000019073486,7.159999847412109,6.480000019073486,6.889999866485596,6.889999866485596,28400,SLRX
2019-09-17,6.889999866485596,6.929999828338623,5.849999904632568,5.949999809265137,5.949999809265137,51000,SLRX
2019-09-18,5.960000038146973,6.440000057220459,5.929999828338623,6.090000152587891,6.090000152587891,30100,SLRX
2019-09-19,6.03000020980835,6.199999809265137,5.599999904632568,5.809999942779541,5.809999942779541,36700,SLRX
2019-09-20,5.953000068664551,6.039999961853027,5.800000190734863,5.989999771118164,5.989999771118164,45900,SLRX
2019-09-23,6.039999961853027,6.11299991607666,5.75,6.099999904632568,6.099999904632568,11000,SLRX
2019-09-24,6.309999942779541,6.5,5.53000020980835,5.650000095367432,5.650000095367432,35600,SLRX
2019-09-25,5.920000076293945,6.077000141143799,5.348999977111816,5.650000095367432,5.650000095367432,43200,SLRX
2019-09-26,5.389999866485596,5.678999900817871,5.360000133514404,5.380000114440918,5.380000114440918,12000,SLRX
2019-09-27,5.406000137329102,5.743000030517578,5.349999904632568,5.349999904632568,5.349999904632568,8300,SLRX
2019-09-30,5.369999885559082,5.639999866485596,5.25,5.449999809265137,5.449999809265137,15600,SLRX
2019-10-01,5.920000076293945,5.920000076293945,5.25,5.449999809265137,5.449999809265137,8700,SLRX
2019-10-02,5.449999809265137,5.53000020980835,5.309999942779541,5.329999923706055,5.329999923706055,13300,SLRX
2019-10-03,5.329999923706055,5.400000095367432,5.25,5.25,5.25,10600,SLRX
2019-10-04,5.320000171661377,5.409999847412109,5.159999847412109,5.409999847412109,5.409999847412109,36100,SLRX
2019-10-07,5.289999961853027,5.642000198364258,5.289999961853027,5.599999904632568,5.599999904632568,22600,SLRX
2019-10-08,5.460000038146973,5.53000020980835,5.019999980926514,5.289999961853027,5.289999961853027,26600,SLRX
2019-10-09,5.327000141143799,5.420000076293945,5.130000114440918,5.150000095367432,5.150000095367432,7700,SLRX
2019-10-10,5.099999904632568,5.179999828338623,4.550000190734863,4.989999771118164,4.989999771118164,20200,SLRX
2019-10-11,5.210000038146973,5.210000038146973,4.809999942779541,4.900000095367432,4.900000095367432,11600,SLRX
2019-10-14,5.03000020980835,5.159999847412109,5.0,5.079999923706055,5.079999923706055,6200,SLRX
2019-10-15,5.230000019073486,5.789999961853027,5.230000019073486,5.710000038146973,5.710000038146973,57800,SLRX
2019-10-16,5.889999866485596,5.889999866485596,5.263999938964844,5.75,5.75,12500,SLRX
2019-10-17,5.640999794006348,5.900000095367432,5.551000118255615,5.900000095367432,5.900000095367432,13600,SLRX
2019-10-18,5.863999843597412,5.889999866485596,5.631999969482422,5.783999919891357,5.783999919891357,3200,SLRX
2019-10-21,5.583000183105469,5.583000183105469,5.374000072479248,5.474999904632568,5.474999904632568,6400,SLRX
2019-10-22,5.183000087738037,5.389999866485596,5.1620001792907715,5.25,5.25,10500,SLRX
2019-10-23,5.205999851226807,5.25,4.860000133514404,4.96999979019165,4.96999979019165,27400,SLRX
2019-10-24,5.0,5.0,4.75,4.760000228881836,4.760000228881836,35600,SLRX
2019-10-25,4.90500020980835,5.0,4.760000228881836,4.929999828338623,4.929999828338623,13500,SLRX
2019-10-28,4.889999866485596,5.349999904632568,4.789999961853027,4.920000076293945,4.920000076293945,114700,SLRX
2019-10-29,5.010000228881836,5.119999885559082,4.929999828338623,5.0,5.0,14100,SLRX
2019-10-30,4.940000057220459,4.985000133514404,4.776000022888184,4.809999942779541,4.809999942779541,8200,SLRX
2019-10-31,4.760000228881836,4.820000171661377,4.610000133514404,4.650000095367432,4.650000095367432,12900,SLRX
2019-11-01,4.63700008392334,5.0,4.63700008392334,4.760000228881836,4.760000228881836,20800,SLRX
2019-11-04,4.7829999923706055,4.929999828338623,4.610000133514404,4.840000152587891,4.840000152587891,20400,SLRX
2019-11-05,4.769999980926514,4.840000152587891,4.550000190734863,4.650000095367432,4.650000095367432,40700,SLRX
2019-11-06,4.599999904632568,4.6519999504089355,4.150000095367432,4.300000190734863,4.300000190734863,22500,SLRX
2019-11-07,4.324999809265137,4.349999904632568,4.130000114440918,4.130000114440918,4.130000114440918,10600,SLRX
2019-11-08,4.130000114440918,4.420000076293945,3.8550000190734863,4.420000076293945,4.420000076293945,15100,SLRX
2019-11-11,4.21999979019165,4.418000221252441,4.21999979019165,4.418000221252441,4.418000221252441,2200,SLRX
2019-11-12,4.021999835968018,4.369999885559082,4.021999835968018,4.369999885559082,4.369999885559082,4700,SLRX
2019-11-13,4.079999923706055,4.309999942779541,4.010000228881836,4.010000228881836,4.010000228881836,35300,SLRX
2019-11-14,4.03000020980835,4.050000190734863,3.700000047683716,3.7100000381469727,3.7100000381469727,14700,SLRX
2019-11-15,3.7300000190734863,3.7300000190734863,3.5,3.575000047683716,3.575000047683716,11700,SLRX
2019-11-18,3.503000020980835,3.5799999237060547,3.140000104904175,3.2699999809265137,3.2699999809265137,15500,SLRX
2019-11-19,3.171999931335449,3.171999931335449,2.9200000762939453,3.0199999809265137,3.0199999809265137,24600,SLRX
2019-11-20,3.0199999809265137,3.819999933242798,2.9100000858306885,3.5,3.5,70200,SLRX
2019-11-21,3.3889999389648438,3.8340001106262207,3.371999979019165,3.5299999713897705,3.5299999713897705,100500,SLRX
2019-11-22,3.7300000190734863,3.736999988555908,3.5399999618530273,3.5989999771118164,3.5989999771118164,9600,SLRX
2019-11-25,3.5999999046325684,3.6500000953674316,3.5,3.5899999141693115,3.5899999141693115,13400,SLRX
2019-11-26,3.5399999618530273,3.75,3.5299999713897705,3.7200000286102295,3.7200000286102295,17700,SLRX
2019-11-27,3.75,4.059999942779541,3.7049999237060547,4.0,4.0,96200,SLRX
2019-11-29,4.090000152587891,4.230000019073486,3.864000082015991,4.0,4.0,15500,SLRX
2019-12-02,3.930000066757202,4.138999938964844,3.8889999389648438,4.090000152587891,4.090000152587891,35400,SLRX
2019-12-03,3.9070000648498535,4.079999923706055,3.8940000534057617,4.078999996185303,4.078999996185303,17400,SLRX
2019-12-04,4.170000076293945,4.170000076293945,3.871000051498413,4.0,4.0,30800,SLRX
2019-12-05,4.004000186920166,4.170000076293945,3.9200000762939453,4.170000076293945,4.170000076293945,26400,SLRX
2019-12-06,3.9630000591278076,4.139999866485596,3.950000047683716,4.0,4.0,24900,SLRX
2019-12-09,3.934000015258789,4.090000152587891,3.8499999046325684,4.039999961853027,4.039999961853027,23400,SLRX
2019-12-10,4.039999961853027,4.039999961853027,3.8399999141693115,3.990000009536743,3.990000009536743,14200,SLRX
2019-12-11,3.9200000762939453,3.9200000762939453,3.7799999713897705,3.799999952316284,3.799999952316284,8400,SLRX
2019-12-12,3.880000114440918,3.9809999465942383,3.6700000762939453,3.6700000762939453,3.6700000762939453,16300,SLRX
2019-12-13,4.150000095367432,4.639999866485596,3.799999952316284,4.083000183105469,4.083000183105469,659100,SLRX
2019-12-16,4.699999809265137,4.980000019073486,4.151000022888184,4.570000171661377,4.570000171661377,940000,SLRX
2019-12-17,4.539999961853027,4.618000030517578,4.090000152587891,4.150000095367432,4.150000095367432,155700,SLRX
2019-12-18,4.199999809265137,4.302000045776367,4.0,4.139999866485596,4.139999866485596,35800,SLRX
2019-12-19,4.050000190734863,4.25,3.9079999923706055,3.9809999465942383,3.9809999465942383,116000,SLRX
2019-12-20,3.9200000762939453,4.090000152587891,3.7799999713897705,4.079999923706055,4.079999923706055,82600,SLRX
2019-12-23,4.090000152587891,4.090000152587891,3.750999927520752,3.990000009536743,3.990000009536743,80100,SLRX
2019-12-24,3.819999933242798,3.9609999656677246,3.7760000228881836,3.9000000953674316,3.9000000953674316,40600,SLRX
2019-12-26,3.930000066757202,4.050000190734863,3.809999942779541,3.9000000953674316,3.9000000953674316,125300,SLRX
2019-12-27,3.9019999504089355,3.950000047683716,3.8499999046325684,3.930999994277954,3.930999994277954,14800,SLRX
2019-12-30,3.950000047683716,4.099999904632568,3.9000000953674316,3.9000000953674316,3.9000000953674316,58700,SLRX
2019-12-31,3.950000047683716,4.050000190734863,3.7799999713897705,3.7799999713897705,3.7799999713897705,52500,SLRX
2020-01-02,3.75,3.8299999237060547,3.619999885559082,3.6500000953674316,3.6500000953674316,28700,SLRX
2020-01-03,3.6500000953674316,3.880000114440918,3.6500000953674316,3.819999933242798,3.819999933242798,44200,SLRX
2020-01-06,3.8499999046325684,3.8499999046325684,3.5999999046325684,3.680000066757202,3.680000066757202,31300,SLRX
2020-01-07,3.690000057220459,3.880000114440918,3.6619999408721924,3.7699999809265137,3.7699999809265137,14000,SLRX
2020-01-08,3.8299999237060547,3.8299999237060547,3.690000057220459,3.690000057220459,3.690000057220459,10500,SLRX
2020-01-09,3.7899999618530273,3.7899999618530273,3.5999999046325684,3.680000066757202,3.680000066757202,19400,SLRX
2020-01-10,3.609999895095825,3.7799999713897705,3.6089999675750732,3.7799999713897705,3.7799999713897705,23600,SLRX
2020-01-13,3.549999952316284,3.549999952316284,2.9000000953674316,3.140000104904175,3.140000104904175,194700,SLRX
2020-01-14,3.240000009536743,3.240000009536743,3.0799999237060547,3.2300000190734863,3.2300000190734863,32500,SLRX
2020-01-15,3.1029999256134033,3.119999885559082,3.0,3.059999942779541,3.059999942779541,80700,SLRX
2020-01-16,3.009999990463257,3.069999933242798,2.930000066757202,3.0299999713897705,3.0299999713897705,62900,SLRX
2020-01-17,2.950000047683716,2.950000047683716,2.809999942779541,2.880000114440918,2.880000114440918,171800,SLRX
2020-01-21,2.9100000858306885,3.049999952316284,2.809999942779541,3.049999952316284,3.049999952316284,43200,SLRX
2020-01-22,3.1600000858306885,3.1600000858306885,2.940000057220459,3.0399999618530273,3.0399999618530273,29500,SLRX
2020-01-23,3.0869998931884766,3.0869998931884766,2.859999895095825,2.859999895095825,2.859999895095825,45400,SLRX
2020-01-24,2.9179999828338623,2.9179999828338623,2.700000047683716,2.7300000190734863,2.7300000190734863,25200,SLRX
2020-01-27,2.740000009536743,2.9700000286102295,2.7100000381469727,2.7300000190734863,2.7300000190734863,23400,SLRX
2020-01-28,2.700000047683716,2.700000047683716,2.4200000762939453,2.440000057220459,2.440000057220459,96900,SLRX
2020-01-29,2.5,2.990000009536743,2.5,2.930000066757202,2.930000066757202,98800,SLRX
2020-01-30,2.940000057220459,2.940000057220459,2.5999999046325684,2.6500000953674316,2.6500000953674316,54600,SLRX
2020-01-31,2.569999933242798,2.569999933242798,2.5,2.5,2.5,20100,SLRX
2020-02-03,2.5899999141693115,2.5899999141693115,2.319999933242798,2.390000104904175,2.390000104904175,41300,SLRX
2020-02-04,2.5299999713897705,2.549999952316284,2.259999990463257,2.3299999237060547,2.3299999237060547,62300,SLRX
2020-02-05,2.309999942779541,2.390000104904175,2.1689999103546143,2.2200000286102295,2.2200000286102295,98200,SLRX
2020-02-06,2.140000104904175,2.2300000190734863,1.8899999856948853,1.9900000095367432,1.9900000095367432,280400,SLRX
2020-02-07,0.8999999761581421,0.9300000071525574,0.75,0.8349999785423279,0.8349999785423279,4143000,SLRX
2020-02-10,0.8199999928474426,0.8799999952316284,0.800000011920929,0.8600000143051147,0.8600000143051147,1297500,SLRX
2020-02-11,0.8399999737739563,0.8700000047683716,0.8309999704360962,0.8360000252723694,0.8360000252723694,536900,SLRX
2020-02-12,0.8450000286102295,0.8650000095367432,0.8199999928474426,0.8349999785423279,0.8349999785423279,525800,SLRX
2020-02-13,0.8650000095367432,0.8999999761581421,0.8399999737739563,0.8899999856948853,0.8899999856948853,445400,SLRX
2020-02-14,0.8999999761581421,0.9100000262260437,0.8730000257492065,0.8849999904632568,0.8849999904632568,432100,SLRX
2020-02-18,0.8999999761581421,0.9200000166893005,0.8799999952316284,0.8999999761581421,0.8999999761581421,483500,SLRX
2020-02-19,0.8999999761581421,0.9800000190734863,0.8999999761581421,0.9599999785423279,0.9599999785423279,1222500,SLRX
2020-02-20,1.059999942779541,1.0800000429153442,1.0,1.0399999618530273,1.0399999618530273,1435700,SLRX
2020-02-21,1.0499999523162842,1.0499999523162842,0.9210000038146973,0.9480000138282776,0.9480000138282776,728000,SLRX
2020-02-24,0.9449999928474426,0.9589999914169312,0.8999999761581421,0.9120000004768372,0.9120000004768372,272500,SLRX
2020-02-25,0.9200000166893005,0.949999988079071,0.8009999990463257,0.8240000009536743,0.8240000009536743,383900,SLRX
2020-02-26,0.8500000238418579,0.8999999761581421,0.8149999976158142,0.8679999709129333,0.8679999709129333,249600,SLRX
2020-02-27,0.8700000047683716,0.9200000166893005,0.824999988079071,0.8700000047683716,0.8700000047683716,359400,SLRX
2020-02-28,0.8299999833106995,0.8849999904632568,0.8299999833106995,0.8849999904632568,0.8849999904632568,157100,SLRX
2020-03-02,0.8799999952316284,0.9700000286102295,0.8799999952316284,0.9539999961853027,0.9539999961853027,288100,SLRX
2020-03-03,0.9800000190734863,1.0199999809265137,0.8679999709129333,0.8700000047683716,0.8700000047683716,281900,SLRX
2020-03-04,0.9879999756813049,0.9879999756813049,0.8999999761581421,0.949999988079071,0.949999988079071,381800,SLRX
2020-03-05,0.949999988079071,1.1200000047683716,0.8799999952316284,1.0,1.0,696700,SLRX
2020-03-06,1.0299999713897705,1.0299999713897705,0.8799999952316284,0.890999972820282,0.890999972820282,482800,SLRX
2020-03-09,0.8500000238418579,0.8700000047683716,0.800000011920929,0.8220000267028809,0.8220000267028809,226400,SLRX
2020-03-10,0.847000002861023,0.8600000143051147,0.7699999809265137,0.7829999923706055,0.7829999923706055,200000,SLRX
2020-03-11,0.7749999761581421,0.7749999761581421,0.7099999785423279,0.7200000286102295,0.7200000286102295,188500,SLRX
2020-03-12,0.7099999785423279,0.7099999785423279,0.6600000262260437,0.7099999785423279,0.7099999785423279,146700,SLRX
2020-03-13,0.699999988079071,0.8100000023841858,0.6700000166893005,0.7879999876022339,0.7879999876022339,126700,SLRX
2020-03-16,0.8149999976158142,0.8149999976158142,0.6700000166893005,0.699999988079071,0.699999988079071,55900,SLRX
2020-03-17,0.703000009059906,0.7509999871253967,0.6880000233650208,0.6980000138282776,0.6980000138282776,31200,SLRX
2020-03-18,0.6840000152587891,0.7599999904632568,0.6499999761581421,0.6589999794960022,0.6589999794960022,84000,SLRX
2020-03-19,0.6399999856948853,0.6769999861717224,0.6150000095367432,0.6499999761581421,0.6499999761581421,70700,SLRX
2020-03-20,0.6700000166893005,0.7039999961853027,0.6169999837875366,0.652999997138977,0.652999997138977,66600,SLRX
2020-03-23,0.6899999976158142,0.6899999976158142,0.6000000238418579,0.6150000095367432,0.6150000095367432,105800,SLRX
2020-03-24,0.6800000071525574,0.6800000071525574,0.5550000071525574,0.5649999976158142,0.5649999976158142,198700,SLRX
2020-03-25,0.5640000104904175,0.6119999885559082,0.5590000152587891,0.5720000267028809,0.5720000267028809,227400,SLRX
2020-03-26,0.6100000143051147,0.6779999732971191,0.6010000109672546,0.6150000095367432,0.6150000095367432,155200,SLRX
2020-03-27,0.6460000276565552,0.6980000138282776,0.6050000190734863,0.6700000166893005,0.6700000166893005,96400,SLRX
2020-03-30,0.6899999976158142,0.7900000214576721,0.6010000109672546,0.6489999890327454,0.6489999890327454,185200,SLRX
2020-03-31,0.6499999761581421,0.699999988079071,0.6499999761581421,0.6809999942779541,0.6809999942779541,57600,SLRX
2020-04-01,0.6890000104904175,0.7099999785423279,0.6489999890327454,0.6499999761581421,0.6499999761581421,166600,SLRX
2020-04-02,0.6800000071525574,0.699999988079071,0.6399999856948853,0.6449999809265137,0.6449999809265137,40300,SLRX
2020-04-03,0.6399999856948853,0.699999988079071,0.6100000143051147,0.6499999761581421,0.6499999761581421,65100,SLRX
2020-04-06,0.6700000166893005,0.7099999785423279,0.6420000195503235,0.6620000004768372,0.6620000004768372,54600,SLRX
2020-04-07,0.6899999976158142,0.6899999976158142,0.6549999713897705,0.6899999976158142,0.6899999976158142,145100,SLRX
2020-04-08,0.6899999976158142,0.6899999976158142,0.6499999761581421,0.6769999861717224,0.6769999861717224,94400,SLRX
2020-04-09,0.6800000071525574,0.699999988079071,0.6499999761581421,0.6890000104904175,0.6890000104904175,93300,SLRX
2020-04-13,0.6940000057220459,0.7179999947547913,0.6299999952316284,0.6499999761581421,0.6499999761581421,235200,SLRX
2020-04-14,0.6840000152587891,0.6899999976158142,0.6370000243186951,0.652999997138977,0.652999997138977,156500,SLRX
2020-04-15,0.6729999780654907,0.6800000071525574,0.6069999933242798,0.6200000047683716,0.6200000047683716,103400,SLRX
2020-04-16,0.6399999856948853,0.6800000071525574,0.625,0.6420000195503235,0.6420000195503235,142700,SLRX
2020-04-17,0.7400000095367432,0.7400000095367432,0.6200000047683716,0.6209999918937683,0.6209999918937683,155700,SLRX
2020-04-20,0.6150000095367432,0.6370000243186951,0.5770000219345093,0.6129999756813049,0.6129999756813049,260500,SLRX
2020-04-21,0.6079999804496765,0.6200000047683716,0.5600000023841858,0.6029999852180481,0.6029999852180481,64900,SLRX
2020-04-22,0.6000000238418579,0.6489999890327454,0.5899999737739563,0.6200000047683716,0.6200000047683716,154500,SLRX
2020-04-23,0.6349999904632568,0.6349999904632568,0.6000000238418579,0.6129999756813049,0.6129999756813049,77800,SLRX
2020-04-24,0.6209999918937683,0.6499999761581421,0.6169999837875366,0.6259999871253967,0.6259999871253967,83500,SLRX
2020-04-27,0.6800000071525574,0.9900000095367432,0.6800000071525574,0.8399999737739563,0.8399999737739563,3056600,SLRX
2020-04-28,0.8820000290870667,1.0299999713897705,0.8700000047683716,0.9399999976158142,0.9399999976158142,1958600,SLRX
2020-04-29,0.9900000095367432,0.9900000095367432,0.7799999713897705,0.8579999804496765,0.8579999804496765,785700,SLRX
2020-04-30,0.8600000143051147,0.8899999856948853,0.7900000214576721,0.8299999833106995,0.8299999833106995,294700,SLRX
2020-05-01,0.8100000023841858,0.8500000238418579,0.7630000114440918,0.800000011920929,0.800000011920929,338800,SLRX
2020-05-04,0.7799999713897705,0.8399999737739563,0.7699999809265137,0.7860000133514404,0.7860000133514404,192600,SLRX
2020-05-05,0.8199999928474426,0.828000009059906,0.7599999904632568,0.7599999904632568,0.7599999904632568,240800,SLRX
2020-05-06,0.7799999713897705,0.8100000023841858,0.7599999904632568,0.7749999761581421,0.7749999761581421,154300,SLRX
2020-05-07,0.7760000228881836,0.800000011920929,0.7599999904632568,0.7820000052452087,0.7820000052452087,144000,SLRX
2020-05-08,0.8399999737739563,0.8500000238418579,0.7829999923706055,0.8500000238418579,0.8500000238418579,291800,SLRX
2020-05-11,0.8899999856948853,0.949999988079071,0.8539999723434448,0.9300000071525574,0.9300000071525574,405200,SLRX
2020-05-12,0.949999988079071,0.949999988079071,0.8500000238418579,0.8799999952316284,0.8799999952316284,247900,SLRX
2020-05-13,0.8799999952316284,0.8799999952316284,0.7799999713897705,0.8330000042915344,0.8330000042915344,258100,SLRX
2020-05-14,0.800000011920929,0.8399999737739563,0.800000011920929,0.8399999737739563,0.8399999737739563,164300,SLRX
2020-05-15,0.8500000238418579,0.8999999761581421,0.8500000238418579,0.8500000238418579,0.8500000238418579,329000,SLRX
2020-05-18,0.8799999952316284,1.0299999713897705,0.8550000190734863,0.9240000247955322,0.9240000247955322,849200,SLRX
2020-05-19,0.9399999976158142,1.2699999809265137,0.9399999976158142,1.1699999570846558,1.1699999570846558,3915200,SLRX
2020-05-20,1.2899999618530273,1.3300000429153442,1.1200000047683716,1.2400000095367432,1.2400000095367432,2082900,SLRX
2020-05-21,1.25,1.2699999809265137,1.1299999952316284,1.159999966621399,1.159999966621399,655100,SLRX
2020-05-22,1.2100000381469727,1.2200000286102295,1.159999966621399,1.1799999475479126,1.1799999475479126,529100,SLRX
2020-05-26,1.2200000286102295,1.2259999513626099,0.9509999752044678,1.0700000524520874,1.0700000524520874,1100100,SLRX
2020-05-27,1.0800000429153442,1.1100000143051147,1.0,1.0499999523162842,1.0499999523162842,671700,SLRX
2020-05-28,1.090000033378601,1.090000033378601,0.9599999785423279,1.0499999523162842,1.0499999523162842,814200,SLRX
2020-05-29,1.090000033378601,1.090000033378601,0.9300000071525574,0.9900000095367432,0.9900000095367432,814300,SLRX
2020-06-01,1.0,1.059999942779541,0.9700000286102295,1.059999942779541,1.059999942779541,468100,SLRX
2020-06-02,1.0800000429153442,1.7000000476837158,1.065000057220459,1.2000000476837158,1.2000000476837158,6268100,SLRX
2020-06-03,1.4500000476837158,1.4500000476837158,1.149999976158142,1.2200000286102295,1.2200000286102295,1369600,SLRX
2020-06-04,1.1699999570846558,1.2599999904632568,1.149999976158142,1.2200000286102295,1.2200000286102295,764300,SLRX
2020-06-05,1.2799999713897705,1.3700000047683716,1.2100000381469727,1.3200000524520874,1.3200000524520874,1098600,SLRX
2020-06-08,1.3200000524520874,1.690000057220459,1.3200000524520874,1.5399999618530273,1.5399999618530273,1885200,SLRX
2020-06-09,1.5399999618530273,1.6399999856948853,1.409999966621399,1.590000033378601,1.590000033378601,1161400,SLRX
2020-06-10,1.649999976158142,1.8600000143051147,1.559999942779541,1.600000023841858,1.600000023841858,967300,SLRX
2020-06-11,1.4500000476837158,1.649999976158142,1.4199999570846558,1.6100000143051147,1.6100000143051147,786800,SLRX
2020-06-12,1.7000000476837158,1.7000000476837158,1.5099999904632568,1.5299999713897705,1.5299999713897705,386400,SLRX
2020-06-15,1.590000033378601,1.8200000524520874,1.5,1.7699999809265137,1.7699999809265137,2076700,SLRX
2020-06-16,1.899999976158142,1.934999942779541,1.7799999713897705,1.8200000524520874,1.8200000524520874,1425200,SLRX
2020-06-17,1.8200000524520874,1.8600000143051147,1.5,1.75,1.75,1197100,SLRX
2020-06-18,1.6699999570846558,1.6699999570846558,1.5499999523162842,1.559999942779541,1.559999942779541,564500,SLRX
2020-06-19,1.6299999952316284,1.6299999952316284,1.4199999570846558,1.4900000095367432,1.4900000095367432,366300,SLRX
2020-06-22,1.5199999809265137,1.5299999713897705,1.3600000143051147,1.399999976158142,1.399999976158142,380400,SLRX
2020-06-23,1.3899999856948853,1.440000057220459,1.350000023841858,1.3799999952316284,1.3799999952316284,288200,SLRX
2020-06-24,1.3899999856948853,1.399999976158142,1.2699999809265137,1.2999999523162842,1.2999999523162842,279000,SLRX
2020-06-25,1.309999942779541,1.350000023841858,1.25,1.309999942779541,1.309999942779541,231900,SLRX
2020-06-26,1.3300000429153442,1.3899999856948853,1.309999942779541,1.3200000524520874,1.3200000524520874,381500,SLRX
2020-06-29,1.309999942779541,1.3899999856948853,1.25,1.2899999618530273,1.2899999618530273,319600,SLRX
2020-06-30,1.2799999713897705,1.340000033378601,1.2699999809265137,1.3200000524520874,1.3200000524520874,132400,SLRX
2020-07-01,1.3300000429153442,1.4700000286102295,1.3200000524520874,1.3799999952316284,1.3799999952316284,300500,SLRX
2020-07-02,1.4500000476837158,1.4600000381469727,1.3899999856948853,1.440000057220459,1.440000057220459,198700,SLRX
2020-07-06,1.4600000381469727,1.5700000524520874,1.3899999856948853,1.5199999809265137,1.5199999809265137,397700,SLRX
2020-07-07,1.5,1.600000023841858,1.4500000476837158,1.5,1.5,234700,SLRX
2020-07-08,1.5099999904632568,1.5099999904632568,1.3899999856948853,1.4600000381469727,1.4600000381469727,167600,SLRX
2020-07-09,1.5199999809265137,1.555999994277954,1.4600000381469727,1.4800000190734863,1.4800000190734863,103200,SLRX
2020-07-10,1.559999942779541,1.559999942779541,1.4299999475479126,1.4800000190734863,1.4800000190734863,77000,SLRX
2020-07-13,1.4900000095367432,1.4900000095367432,1.2999999523162842,1.340000033378601,1.340000033378601,311800,SLRX
2020-07-14,1.3200000524520874,1.399999976158142,1.3200000524520874,1.3200000524520874,1.3200000524520874,161000,SLRX
2020-07-15,1.399999976158142,1.440000057220459,1.2799999713897705,1.440000057220459,1.440000057220459,279700,SLRX
2020-07-16,1.4900000095367432,1.4900000095367432,1.3200000524520874,1.4500000476837158,1.4500000476837158,107000,SLRX
2020-07-17,1.4500000476837158,1.4800000190734863,1.3700000047683716,1.440000057220459,1.440000057220459,124100,SLRX
2020-07-20,1.4299999475479126,1.4539999961853027,1.3300000429153442,1.399999976158142,1.399999976158142,196700,SLRX
2020-07-21,1.399999976158142,1.5,1.3600000143051147,1.4700000286102295,1.4700000286102295,339100,SLRX
2020-07-22,1.4800000190734863,1.5499999523162842,1.409999966621399,1.4199999570846558,1.4199999570846558,149800,SLRX
2020-07-23,1.4500000476837158,1.4600000381469727,1.399999976158142,1.399999976158142,1.399999976158142,84700,SLRX
2020-07-24,1.399999976158142,1.440000057220459,1.2899999618530273,1.309999942779541,1.309999942779541,173300,SLRX
2020-07-27,1.350000023841858,1.3600000143051147,1.2999999523162842,1.3200000524520874,1.3200000524520874,97900,SLRX
2020-07-28,1.409999966621399,1.409999966621399,1.2999999523162842,1.309999942779541,1.309999942779541,91600,SLRX
2020-07-29,1.3899999856948853,1.3899999856948853,1.2300000190734863,1.2599999904632568,1.2599999904632568,1807400,SLRX
2020-07-30,1.1399999856948853,1.1699999570846558,1.100000023841858,1.1200000047683716,1.1200000047683716,1354500,SLRX
2020-07-31,1.1299999952316284,1.1799999475479126,1.1200000047683716,1.149999976158142,1.149999976158142,289700,SLRX
2020-08-03,1.1699999570846558,1.1699999570846558,1.1299999952316284,1.159999966621399,1.159999966621399,221300,SLRX
2020-08-04,1.190000057220459,1.2100000381469727,1.1699999570846558,1.190000057220459,1.190000057220459,174600,SLRX
2020-08-05,1.2100000381469727,1.3300000429153442,1.190000057220459,1.2599999904632568,1.2599999904632568,520500,SLRX
2020-08-06,1.2899999618530273,1.2899999618530273,1.1200000047683716,1.190000057220459,1.190000057220459,343700,SLRX
2020-08-07,1.159999966621399,1.190000057220459,1.1399999856948853,1.1399999856948853,1.1399999856948853,211900,SLRX
2020-08-10,1.190999984741211,1.190999984741211,1.1540000438690186,1.159999966621399,1.159999966621399,197800,SLRX
2020-08-11,1.159999966621399,1.1699999570846558,1.090000033378601,1.1200000047683716,1.1200000047683716,289500,SLRX
2020-08-12,1.100000023841858,1.1100000143051147,0.9739999771118164,1.0700000524520874,1.0700000524520874,630900,SLRX
2020-08-13,1.100000023841858,1.1299999952316284,1.0099999904632568,1.0199999809265137,1.0199999809265137,193800,SLRX
2020-08-14,1.0499999523162842,1.0499999523162842,1.0,1.0049999952316284,1.0049999952316284,184600,SLRX
2020-08-17,1.0299999713897705,1.0299999713897705,0.949999988079071,0.9879999756813049,0.9879999756813049,359400,SLRX
2020-08-18,0.9900000095367432,1.100000023841858,0.9700000286102295,1.0399999618530273,1.0399999618530273,539600,SLRX
2020-08-19,1.0700000524520874,1.0700000524520874,1.0,1.0199999809265137,1.0199999809265137,159900,SLRX
2020-08-20,1.0199999809265137,1.0499999523162842,0.9829999804496765,1.0199999809265137,1.0199999809265137,223000,SLRX
2020-08-21,0.9800000190734863,1.0,0.9599999785423279,0.9660000205039978,0.9660000205039978,278900,SLRX
2020-08-24,0.9599999785423279,1.0149999856948853,0.9300000071525574,0.9409999847412109,0.9409999847412109,214800,SLRX
2020-08-25,0.9399999976158142,0.9599999785423279,0.9350000023841858,0.9599999785423279,0.9599999785423279,88900,SLRX
2020-08-26,0.9639999866485596,0.996999979019165,0.949999988079071,0.9879999756813049,0.9879999756813049,116700,SLRX
2020-08-27,0.9900000095367432,0.9940000176429749,0.9430000185966492,0.968999981880188,0.968999981880188,70900,SLRX
2020-08-28,0.9639999866485596,0.9700000286102295,0.9399999976158142,0.9559999704360962,0.9559999704360962,79800,SLRX
2020-08-31,0.9599999785423279,0.9860000014305115,0.9309999942779541,0.9399999976158142,0.9399999976158142,116700,SLRX
2020-09-01,0.9539999961853027,0.9539999961853027,0.8309999704360962,0.8960000276565552,0.8960000276565552,302200,SLRX
2020-09-02,0.8899999856948853,0.8899999856948853,0.8130000233650208,0.8700000047683716,0.8700000047683716,220000,SLRX
2020-09-03,0.8299999833106995,0.8579999804496765,0.8240000009536743,0.8579999804496765,0.8579999804496765,101900,SLRX
2020-09-04,0.8500000238418579,0.8700000047683716,0.75,0.8100000023841858,0.8100000023841858,334200,SLRX
2020-09-08,0.8100000023841858,0.925000011920929,0.8100000023841858,0.9179999828338623,0.9179999828338623,187100,SLRX
2020-09-09,0.9399999976158142,0.9399999976158142,0.8650000095367432,0.890999972820282,0.890999972820282,177500,SLRX
2020-09-10,0.8799999952316284,0.8930000066757202,0.8600000143051147,0.8899999856948853,0.8899999856948853,42500,SLRX
2020-09-11,0.875,0.9100000262260437,0.8180000185966492,0.8429999947547913,0.8429999947547913,164700,SLRX
2020-09-14,0.8799999952316284,0.9139999747276306,0.8209999799728394,0.8970000147819519,0.8970000147819519,83600,SLRX
2020-09-15,0.8999999761581421,0.9279999732971191,0.8799999952316284,0.9200000166893005,0.9200000166893005,106000,SLRX
2020-09-16,0.9399999976158142,0.9399999976158142,0.8920000195503235,0.8939999938011169,0.8939999938011169,124700,SLRX
2020-09-17,0.8970000147819519,0.9200000166893005,0.8220000267028809,0.824999988079071,0.824999988079071,196800,SLRX
2020-09-18,0.8600000143051147,0.9200000166893005,0.8349999785423279,0.8650000095367432,0.8650000095367432,253800,SLRX
2020-09-21,0.8640000224113464,0.8960000276565552,0.8100000023841858,0.8349999785423279,0.8349999785423279,220700,SLRX
2020-09-22,0.8100000023841858,0.8399999737739563,0.8100000023841858,0.824999988079071,0.824999988079071,63400,SLRX
2020-09-23,0.8389999866485596,0.8500000238418579,0.7649999856948853,0.8040000200271606,0.8040000200271606,173200,SLRX
2020-09-24,0.800000011920929,0.800000011920929,0.75,0.7699999809265137,0.7699999809265137,101300,SLRX
2020-09-25,0.7739999890327454,0.8299999833106995,0.7739999890327454,0.7919999957084656,0.7919999957084656,114500,SLRX
2020-09-28,0.800000011920929,0.8299999833106995,0.7900000214576721,0.8109999895095825,0.8109999895095825,148900,SLRX
2020-09-29,0.8100000023841858,0.8349999785423279,0.7900000214576721,0.8090000152587891,0.8090000152587891,73900,SLRX
2020-09-30,0.8100000023841858,0.8669999837875366,0.800000011920929,0.843999981880188,0.843999981880188,173500,SLRX
